name,release_date,duration,explicit,popularity,track_number,danceability,energy,s_key,loudness,mode,speechiness,acousticness,valence,tempo,album
1916,2023-04-14,216813,1,52,0,0.417,0.887,7,-6.747,1,0.0722,0.126,0.363,130.073,"Stories From The Western Front"
"Great War",2023-04-14,268266,0,39,1,0.507,0.916,0,-6.858,0,0.0482,0.000533,0.453,104.995,"Stories From The Western Front"
Hellfighters,2023-04-14,206000,0,38,2,0.556,0.968,7,-6.456,1,0.0689,0.000523,0.316,96.084,"Stories From The Western Front"
"The Price of a Mile",2023-04-14,355466,0,38,3,0.393,0.726,7,-7.672,1,0.0502,0.0417,0.428,168.169,"Stories From The Western Front"
"Fields of Verdun",2023-04-14,197413,0,37,4,0.514,0.977,2,-6.688,0,0.0992,0.00329,0.485,97.019,"Stories From The Western Front"
"Race to the Sea",2023-04-14,227000,0,36,5,0.497,0.939,7,-6.551,0,0.035,0.0298,0.518,92.01,"Stories From The Western Front"
"Devil Dogs",2023-04-14,197133,1,43,6,0.512,0.983,1,-6.687,1,0.195,0.00169,0.13,113.928,"Stories From The Western Front"
"The First Soldier",2023-01-20,244026,0,49,0,0.489,0.931,1,-7.902,0,0.0532,0.0152,0.405,95.025,"Heroes of the Great War"
"A Ghost in the Trenches",2023-01-20,205800,0,36,1,0.398,0.984,4,-6.797,0,0.156,0.0125,0.331,180.011,"Heroes of the Great War"
"Lady of the Dark",2023-01-20,183000,0,35,2,0.547,0.975,2,-6.419,1,0.0692,0.00407,0.465,109.011,"Heroes of the Great War"
"Last Dying Breath",2023-01-20,202400,0,34,3,0.464,0.961,6,-5.972,0,0.0639,0.00051,0.545,158.104,"Heroes of the Great War"
"The Unkillable Soldier",2023-01-20,251000,0,35,4,0.443,0.931,6,-7.028,0,0.0481,0.0052,0.525,154.025,"Heroes of the Great War"
"Seven Pillars of Wisdom",2023-01-20,182000,0,34,5,0.429,0.971,11,-6.348,0,0.165,0.00296,0.268,152.023,"Heroes of the Great War"
"82nd All the Way",2023-01-20,211173,0,35,6,0.483,0.962,0,-7.354,0,0.245,0.00165,0.368,162.03,"Heroes of the Great War"
"Sarajevo - Symphonic Version",2022-05-06,285000,0,32,0,0.221,0.709,7,-8.972,1,0.047,0.000195,0.126,80.128,"The Symphony To End All Wars (Symphonic Version)"
"Stormtroopers - Symphonic Version",2022-05-06,233454,0,34,1,0.388,0.926,7,-7.993,1,0.0857,0.00000234,0.0881,109.987,"The Symphony To End All Wars (Symphonic Version)"
"Dreadnought - Symphonic Version",2022-05-06,204666,0,35,2,0.324,0.879,11,-7.849,0,0.0412,0.0000411,0.369,179.874,"The Symphony To End All Wars (Symphonic Version)"
"The Unkillable Soldier - Symphonic Version",2022-05-06,216000,0,32,3,0.376,0.87,11,-7.552,0,0.054,0.00000999,0.0999,119.977,"The Symphony To End All Wars (Symphonic Version)"
"Soldier of Heaven - Symphonic Version",2022-05-06,188000,0,35,4,0.35,0.842,9,-8.434,0,0.0466,0.00000806,0.383,89.999,"The Symphony To End All Wars (Symphonic Version)"
"Hellfighters - Symphonic Version",2022-05-06,244500,0,30,5,0.325,0.872,11,-7.962,0,0.0486,0.0000263,0.257,160.088,"The Symphony To End All Wars (Symphonic Version)"
"Race to the Sea - Symphonic Version",2022-05-06,210000,0,30,6,0.352,0.725,7,-8.513,0,0.0411,0.000991,0.0997,79.98,"The Symphony To End All Wars (Symphonic Version)"
"Lady of the Dark - Symphonic Version",2022-05-06,195600,0,31,7,0.425,0.919,11,-7.939,0,0.0773,0.000421,0.342,99.957,"The Symphony To End All Wars (Symphonic Version)"
"The Valley of Death - Symphonic Version",2022-05-06,208285,0,30,8,0.312,0.757,2,-7.05,1,0.0471,0.00000322,0.244,140.048,"The Symphony To End All Wars (Symphonic Version)"
"Christmas Truce - Symphonic Version",2022-05-06,326161,0,29,9,0.369,0.75,9,-7.74,0,0.033,0.000201,0.0774,91.997,"The Symphony To End All Wars (Symphonic Version)"
"Versailles - Symphonic Version",2022-05-06,267000,0,28,10,0.24,0.679,10,-7.923,1,0.0368,0.000499,0.227,79.85,"The Symphony To End All Wars (Symphonic Version)"
"Sarajevo - History Edition",2022-03-25,277000,0,41,0,0.273,0.887,0,-7.751,0,0.0767,0.0212,0.399,81.848,"The War To End All Wars (History Edition)"
"Stormtroopers - History Edition",2022-03-25,236000,0,33,1,0.516,0.992,7,-6.317,1,0.0824,0.00113,0.115,122.029,"The War To End All Wars (History Edition)"
"Dreadnought - History Edition",2022-03-25,318500,0,32,2,0.556,0.922,6,-7.51,0,0.0443,0.0116,0.331,94.027,"The War To End All Wars (History Edition)"
"The Unkillable Soldier - History Edition",2022-03-25,267306,0,32,3,0.445,0.93,6,-7.285,0,0.0556,0.00802,0.401,154.03,"The War To End All Wars (History Edition)"
"Soldier Of Heaven - History Edition",2022-03-25,261810,0,32,4,0.592,0.9,9,-8.826,0,0.0524,0.0755,0.467,96.02,"The War To End All Wars (History Edition)"
"Hellfighters - History Edition",2022-03-25,236000,0,31,5,0.559,0.958,7,-6.885,1,0.0992,0.00134,0.219,96.121,"The War To End All Wars (History Edition)"
"Race To The Sea - History Edition",2022-03-25,235120,0,31,6,0.509,0.933,7,-6.697,0,0.036,0.0344,0.51,91.992,"The War To End All Wars (History Edition)"
"Lady Of The Dark - History Edition",2022-03-25,222216,0,31,7,0.552,0.961,11,-6.909,0,0.102,0.00904,0.385,108.99,"The War To End All Wars (History Edition)"
"The Valley Of Death - History Edition",2022-03-25,275328,0,30,8,0.458,0.972,6,-6.167,0,0.176,0.0039,0.399,155.983,"The War To End All Wars (History Edition)"
"Christmas Truce - History Edition",2022-03-25,329000,0,30,9,0.467,0.939,9,-6.956,0,0.0454,0.0065,0.157,92.965,"The War To End All Wars (History Edition)"
"Versailles - History Edition",2022-03-25,254000,0,29,10,0.334,0.885,7,-7.245,0,0.0606,0.0741,0.42,164.056,"The War To End All Wars (History Edition)"
Stormtroopers,2022-03-04,236000,0,62,0,0.515,0.992,7,-6.32,1,0.08,0.0011,0.112,122.017,"The War to End All Wars"
Dreadnought,2022-03-04,298000,0,53,1,0.549,0.914,6,-7.294,0,0.032,0.00762,0.347,94.028,"The War to End All Wars"
"The Unkillable Soldier",2022-03-04,251000,0,54,2,0.443,0.933,6,-7.018,0,0.0463,0.0051,0.517,154.055,"The War to End All Wars"
"Soldier of Heaven",2022-03-04,218000,0,60,3,0.54,0.922,9,-8.346,0,0.0465,0.0271,0.564,96.032,"The War to End All Wars"
Hellfighters,2022-03-04,206000,0,49,4,0.555,0.967,7,-6.438,1,0.07,0.000445,0.307,96.018,"The War to End All Wars"
"Race to the Sea",2022-03-04,227000,0,53,5,0.498,0.94,7,-6.592,0,0.0348,0.0227,0.511,92.006,"The War to End All Wars"
"Lady of the Dark",2022-03-04,183000,0,56,6,0.552,0.98,2,-6.398,1,0.0704,0.00429,0.485,109.005,"The War to End All Wars"
"The Valley of Death",2022-03-04,253000,0,46,7,0.45,0.972,6,-5.872,0,0.108,0.00182,0.352,156.052,"The War to End All Wars"
"Christmas Truce",2022-03-04,318000,0,44,8,0.327,0.94,9,-6.778,0,0.0637,0.00472,0.223,185.977,"The War to End All Wars"
Versailles,2022-03-04,254000,0,42,9,0.388,0.884,7,-7.243,0,0.0556,0.0787,0.406,82.032,"The War to End All Wars"
"Ghost Division - Live in Prague, 2020",2021-12-01,373000,0,27,0,0.379,0.854,2,-11.692,1,0.0704,0.000108,0.0393,93.009,"The Great Show (The Great Tour Live In Prague, 2020)"
"Great War - Live in Prague, 2020",2021-12-01,269000,0,26,1,0.499,0.906,1,-10.55,1,0.048,0.0000203,0.157,104.99,"The Great Show (The Great Tour Live In Prague, 2020)"
"The Attack Of The Dead Men - Live in Prague, 2020",2021-12-01,386000,0,26,2,0.366,0.891,5,-11.753,0,0.103,0.00173,0.0812,116.01,"The Great Show (The Great Tour Live In Prague, 2020)"
"Seven Pillars Of Wisdom - Live in Prague, 2020",2021-12-01,218000,0,24,3,0.445,0.909,7,-10.769,1,0.0956,0.000236,0.187,76.006,"The Great Show (The Great Tour Live In Prague, 2020)"
"Diary Of An Unknown Soldier - Live in Prague, 2020",2021-12-01,53093,0,22,4,0.2,0.678,0,-20.912,1,0.0605,0.000021,0.0565,87.076,"The Great Show (The Great Tour Live In Prague, 2020)"
"The Lost Battalion - Live in Prague, 2020",2021-12-01,220253,0,23,5,0.335,0.883,5,-10.552,0,0.0902,0.000351,0.238,176.084,"The Great Show (The Great Tour Live In Prague, 2020)"
"The Red Baron - Live in Prague, 2020",2021-12-01,312000,0,25,6,0.424,0.91,5,-11.51,0,0.0774,0.00195,0.156,95.014,"The Great Show (The Great Tour Live In Prague, 2020)"
"The Last Stand - Live in Prague, 2020",2021-12-01,241000,0,26,7,0.492,0.924,5,-10.731,0,0.0664,0.00204,0.192,103.972,"The Great Show (The Great Tour Live In Prague, 2020)"
"Far From The Fame - Live in Prague, 2020",2021-12-01,290000,0,23,8,0.264,0.888,2,-11.174,1,0.0696,0.000265,0.14,101.46,"The Great Show (The Great Tour Live In Prague, 2020)"
"Night Witches - Live in Prague, 2020",2021-12-01,229000,0,24,9,0.455,0.895,10,-10.938,0,0.0781,0.00061,0.0722,96.023,"The Great Show (The Great Tour Live In Prague, 2020)"
"Angels Calling - Live in Prague, 2020",2021-12-01,353000,0,22,10,0.41,0.905,0,-11.218,1,0.0918,0.0000311,0.0812,124.086,"The Great Show (The Great Tour Live In Prague, 2020)"
"Fields Of Verdun - Live in Prague, 2020",2021-12-01,247000,0,23,11,0.527,0.937,8,-10.749,1,0.0595,0.00228,0.223,96.987,"The Great Show (The Great Tour Live In Prague, 2020)"
"The Price Of A Mile - Live in Prague, 2020",2021-12-01,315000,0,23,12,0.457,0.873,5,-10.708,1,0.0455,0.00349,0.168,84.035,"The Great Show (The Great Tour Live In Prague, 2020)"
"Dominium Maris Baltici - Live in Prague, 2020",2021-12-01,67200,0,20,13,0.0952,0.217,9,-23.404,0,0.041,0.223,0.159,78.328,"The Great Show (The Great Tour Live In Prague, 2020)"
"The Lion From The North - Live in Prague, 2020",2021-12-01,283786,0,22,14,0.456,0.945,2,-10.551,1,0.0539,0.000038,0.223,153.028,"The Great Show (The Great Tour Live In Prague, 2020)"
"Carolus Rex - Live in Prague, 2020",2021-12-01,299000,0,23,15,0.465,0.915,5,-10.609,0,0.0528,0.000711,0.148,87.979,"The Great Show (The Great Tour Live In Prague, 2020)"
"Primo Victoria - Live in Prague, 2020",2021-12-01,326000,0,23,16,0.386,0.929,2,-11.594,1,0.107,0.00146,0.141,138.019,"The Great Show (The Great Tour Live In Prague, 2020)"
"Bismarck - Live in Prague, 2020",2021-12-01,316000,0,26,17,0.467,0.891,2,-10.879,1,0.0411,0.000109,0.187,94.979,"The Great Show (The Great Tour Live In Prague, 2020)"
"Swedish Pagans - Live in Prague, 2020",2021-12-01,234466,0,24,18,0.218,0.942,2,-10.526,1,0.0704,0.00058,0.0864,103.627,"The Great Show (The Great Tour Live In Prague, 2020)"
"To Hell And Back - Live in Prague, 2020",2021-12-01,329000,1,23,19,0.266,0.898,5,-11.089,0,0.118,0.000383,0.206,126.907,"The Great Show (The Great Tour Live In Prague, 2020)"
"The Future of Warfare - Soundtrack Version",2019-07-19,313003,0,22,0,0.487,0.783,11,-9.989,0,0.0551,0.237,0.296,104.998,"The Great War (The Soundtrack To The Great War)"
"Seven Pillars of Wisdom - Soundtrack Version",2019-07-19,226909,0,28,1,0.457,0.701,11,-10.202,0,0.0337,0.58,0.178,109.989,"The Great War (The Soundtrack To The Great War)"
"82nd All the Way - Soundtrack Version",2019-07-19,235304,0,22,2,0.458,0.607,0,-9.975,0,0.0331,0.21,0.395,130,"The Great War (The Soundtrack To The Great War)"
"The Attack of the Dead Men - Soundtrack Version",2019-07-19,308210,0,21,3,0.398,0.6,9,-12.407,0,0.041,0.237,0.138,99.981,"The Great War (The Soundtrack To The Great War)"
"Devil Dogs - Soundtrack Version",2019-07-19,259584,0,20,4,0.142,0.593,0,-10.919,1,0.0438,0.265,0.283,82.449,"The Great War (The Soundtrack To The Great War)"
"The Red Baron - Soundtrack Version",2019-07-19,241848,0,22,5,0.316,0.528,0,-11.458,0,0.0355,0.162,0.223,140.057,"The Great War (The Soundtrack To The Great War)"
"Great War - Soundtrack Version",2019-07-19,251955,0,20,6,0.408,0.572,0,-10.687,0,0.0315,0.234,0.217,95.02,"The Great War (The Soundtrack To The Great War)"
"A Ghost in the Trenches - Soundtrack Version",2019-07-19,260533,0,20,7,0.351,0.505,11,-10.957,0,0.0365,0.331,0.334,144.984,"The Great War (The Soundtrack To The Great War)"
"Fields of Verdun - Soundtrack Version",2019-07-19,225486,0,21,8,0.432,0.728,2,-11.517,0,0.039,0.386,0.429,144.976,"The Great War (The Soundtrack To The Great War)"
"The End of the War to End All Wars - Soundtrack Version",2019-07-19,336539,0,19,9,0.365,0.596,2,-11.366,0,0.0387,0.111,0.288,82.492,"The Great War (The Soundtrack To The Great War)"
"In Flanders Fields - Soundtrack Version",2019-07-19,115367,0,20,10,0.248,0.37,2,-12.239,1,0.036,0.667,0.21,68.976,"The Great War (The Soundtrack To The Great War)"
"The Future of Warfare - History Version",2019-07-19,270365,0,27,0,0.375,0.925,11,-7.643,0,0.238,0.00399,0.385,117.307,"The Great War (History Version)"
"Seven Pillars of Wisdom - History Version",2019-07-19,211051,0,27,1,0.444,0.947,11,-6.017,0,0.386,0.00783,0.223,152.051,"The Great War (History Version)"
"82nd All the Way - History Version",2019-07-19,228585,0,29,2,0.46,0.93,0,-6.692,0,0.481,0.00522,0.381,162.022,"The Great War (History Version)"
"The Attack of the Dead Men - History Version",2019-07-19,256971,0,31,3,0.513,0.955,9,-6.539,0,0.133,0.0115,0.26,116.002,"The Great War (History Version)"
"Devil Dogs - History Version",2019-07-19,216756,0,29,4,0.263,0.969,1,-6.176,1,0.271,0.00315,0.175,151.706,"The Great War (History Version)"
"The Red Baron - History Version",2019-07-19,192454,0,31,5,0.339,0.968,0,-5.669,0,0.327,0.0223,0.168,95.296,"The Great War (History Version)"
"Great War - History Version",2019-07-19,293621,0,27,6,0.52,0.909,0,-6.289,0,0.0603,0.000986,0.424,104.974,"The Great War (History Version)"
"A Ghost in the Trenches - History Version",2019-07-19,234073,0,26,7,0.426,0.95,11,-6.517,0,0.297,0.0234,0.297,180.097,"The Great War (History Version)"
"Fields of Verdun - History Version",2019-07-19,209925,0,28,8,0.532,0.98,2,-5.827,0,0.0926,0.00449,0.325,96.999,"The Great War (History Version)"
"The End of the War to End All Wars - History Version",2019-07-19,307612,0,26,9,0.351,0.936,2,-7.259,0,0.246,0.00308,0.11,108.016,"The Great War (History Version)"
"In Flanders Fields - History Version",2019-07-19,116800,0,22,10,0.218,0.312,9,-15.853,1,0.0346,0.968,0.235,76.552,"The Great War (History Version)"
"The Future of Warfare",2019-07-19,206000,0,48,0,0.518,0.983,1,-6.273,0,0.106,0.000623,0.221,118.022,"The Great War"
"Seven Pillars of Wisdom",2019-07-19,182000,0,54,1,0.429,0.98,11,-4.923,0,0.166,0.00295,0.222,152.002,"The Great War"
"82nd All the Way",2019-07-19,211160,0,56,2,0.479,0.974,0,-5.973,0,0.22,0.00205,0.352,162.034,"The Great War"
"The Attack of the Dead Men",2019-07-19,235720,0,61,3,0.522,0.975,9,-5.895,0,0.0917,0.00649,0.242,115.998,"The Great War"
"Devil Dogs",2019-07-19,197120,0,46,4,0.447,0.99,1,-5.329,1,0.206,0.00133,0.113,151.973,"The Great War"
"The Red Baron",2019-07-19,202333,0,60,5,0.404,0.97,0,-5.853,0,0.42,0.0257,0.196,95.047,"The Great War"
"Great War",2019-07-19,268266,0,56,6,0.509,0.937,0,-5.494,0,0.0512,0.000483,0.416,105.026,"The Great War"
"A Ghost in the Trenches",2019-07-19,205800,0,48,7,0.4,0.989,11,-5.388,0,0.203,0.0124,0.331,180.053,"The Great War"
"Fields of Verdun",2019-07-19,197413,0,59,8,0.541,0.986,0,-5.315,1,0.103,0.00323,0.484,96.954,"The Great War"
"The End of the War to End All Wars",2019-07-19,285400,0,43,9,0.436,0.963,2,-6.42,0,0.124,0.00099,0.119,108.033,"The Great War"
"In Flanders Fields",2019-07-19,116800,0,37,10,0.224,0.315,9,-15.896,1,0.0346,0.968,0.229,85.594,"The Great War"
Sparta,2016-08-19,264203,0,53,0,0.292,0.969,5,-5.872,0,0.216,0.0000214,0.0396,108.033,"The Last Stand"
"Last Dying Breath",2016-08-19,202400,0,47,1,0.463,0.967,6,-5.179,0,0.067,0.000508,0.539,158.091,"The Last Stand"
"Blood of Bannockburn",2016-08-19,174698,0,47,2,0.484,0.972,0,-5.155,1,0.0883,0.000364,0.426,95.992,"The Last Stand"
"Diary of an Unknown Soldier",2016-08-19,52288,0,37,3,0.261,0.781,0,-14.664,1,0.206,0.00368,0.0841,175.147,"The Last Stand"
"The Lost Battalion",2016-08-19,215786,0,53,4,0.403,0.967,10,-4.274,1,0.108,0.00233,0.391,175.906,"The Last Stand"
"Rorke's Drift",2016-08-19,206970,0,50,5,0.511,0.986,0,-5.311,1,0.0928,0.0000345,0.318,130.042,"The Last Stand"
"The Last Stand",2016-08-19,235840,0,67,6,0.519,0.935,7,-5.656,0,0.0423,0.00454,0.498,104.044,"The Last Stand"
"Hill 3234",2016-08-19,208458,0,45,7,0.527,0.951,10,-5.749,1,0.0589,0.0000181,0.309,117.996,"The Last Stand"
Shiroyama,2016-08-19,213512,0,58,8,0.483,0.938,11,-5.685,0,0.0551,0.00132,0.637,171.051,"The Last Stand"
"Winged Hussars",2016-08-19,231521,0,59,9,0.541,0.915,6,-5.368,0,0.0312,0.00536,0.676,91.998,"The Last Stand"
"The Last Battle",2016-08-19,192037,0,56,10,0.522,0.899,2,-5.236,0,0.0469,0.000193,0.579,135.979,"The Last Stand"
"Camouflage - Bonus",2016-08-19,236052,0,46,11,0.52,0.964,0,-4.909,1,0.0478,0.000399,0.664,135.021,"The Last Stand"
"All Guns Blazing - Bonus",2016-08-19,243029,0,40,12,0.493,0.99,0,-5.558,1,0.0629,0.000021,0.195,105.002,"The Last Stand"
"Sparta - Track Commentary",2016-08-18,36520,0,11,0,0.747,0.165,7,-18.261,1,0.464,0.867,0.542,86.028,"The Last Stand (Track Commentary Version)"
"Last Dying Breath - Track Commentary",2016-08-18,20440,0,0,1,0.802,0.329,10,-17.277,0,0.763,0.878,0.668,95.186,"The Last Stand (Track Commentary Version)"
"Blood of Bannockburn - Track Commentary",2016-08-18,76640,0,10,2,0.537,0.355,10,-12.824,0,0.532,0.94,0.363,171.647,"The Last Stand (Track Commentary Version)"
"The Lost Battalion - Track Commentary",2016-08-18,68200,0,10,3,0.698,0.294,8,-15.791,1,0.711,0.967,0.532,95.941,"The Last Stand (Track Commentary Version)"
"Rorke's Drift - Track Commentary",2016-08-18,82360,0,10,4,0.634,0.22,8,-18.724,1,0.56,0.948,0.542,82.209,"The Last Stand (Track Commentary Version)"
"The Last Stand - Track Commentary",2016-08-18,89840,0,11,5,0.66,0.278,11,-18.424,0,0.734,0.943,0.504,63.39,"The Last Stand (Track Commentary Version)"
"Hill 3234 - Track Commentary",2016-08-18,61200,0,10,6,0.629,0.277,8,-15.907,1,0.767,0.947,0.712,84.19,"The Last Stand (Track Commentary Version)"
"Shiroyama - Track Commentary",2016-08-18,137840,0,9,7,0.651,0.239,11,-16.194,1,0.478,0.903,0.335,121.925,"The Last Stand (Track Commentary Version)"
"Winged Hussars - Track Commentary",2016-08-18,89600,0,10,8,0.743,0.194,8,-18.216,1,0.488,0.934,0.613,48.878,"The Last Stand (Track Commentary Version)"
"The Last Battle - Track Commentary",2016-08-18,147640,0,9,9,0.697,0.225,1,-17.443,1,0.563,0.947,0.488,73.06,"The Last Stand (Track Commentary Version)"
"The March to War - Live, at Wacken, 2015",2016-03-04,124746,0,17,0,0.256,0.643,2,-17.253,1,0.106,0.00173,0.0573,94.471,"Heroes on Tour"
"Ghost Division - Live, at Wacken, 2015",2016-03-04,241826,0,21,1,0.488,0.933,9,-6.445,0,0.0592,0.0000081,0.148,92.986,"Heroes on Tour"
"To Hell and Back - Live, at Wacken, 2015",2016-03-04,205920,0,21,2,0.485,0.921,8,-6.276,1,0.0925,0.000106,0.359,126.96,"Heroes on Tour"
"Carolus Rex - Live, at Wacken, 2015",2016-03-04,326346,0,19,3,0.477,0.948,10,-6.983,0,0.103,0.000156,0.137,87.949,"Heroes on Tour"
"No Bullets Fly - Live, at Wacken, 2015",2016-03-04,250480,0,20,4,0.394,0.92,7,-6.874,1,0.0918,0.00000725,0.311,154.026,"Heroes on Tour"
"Resist and Bite - Live, at Wacken, 2015",2016-03-04,213040,0,20,5,0.47,0.951,9,-6.46,0,0.0661,0.0000832,0.234,126.955,"Heroes on Tour"
"Far from the Fame - Live, at Wacken, 2015",2016-03-04,283960,0,18,6,0.34,0.935,4,-6.918,0,0.113,0.000123,0.293,132.156,"Heroes on Tour"
"Panzerkampf - Live, at Wacken, 2015",2016-03-04,353213,0,20,7,0.484,0.929,4,-6.894,0,0.0919,0.000191,0.238,100.043,"Heroes on Tour"
"Gott mit uns - Live, at Wacken, 2015",2016-03-04,209546,0,20,8,0.233,0.937,10,-6.586,0,0.122,0.00000824,0.345,101.2,"Heroes on Tour"
"The Art of War - Live, at Wacken, 2015",2016-03-04,290040,0,17,9,0.442,0.899,2,-7.269,0,0.0493,0.0000173,0.107,87.954,"Heroes on Tour"
"Soldier of 3 Armies - Live, at Wacken, 2015",2016-03-04,303413,0,18,10,0.481,0.948,5,-7.36,1,0.117,0.0000652,0.103,102.005,"Heroes on Tour"
"Swedish Pagans - Live, at Wacken, 2015",2016-03-04,283226,0,20,11,0.424,0.955,7,-7.284,1,0.106,0.000131,0.187,103.884,"Heroes on Tour"
"Screaming Eagles - Live, at Wacken, 2015",2016-03-04,292026,0,18,12,0.383,0.915,7,-7.045,0,0.105,0.0000243,0.191,167.041,"Heroes on Tour"
"Night Witches - Live, at Wacken, 2015",2016-03-04,243040,0,19,13,0.42,0.937,10,-7.047,0,0.0907,0.000441,0.132,96.037,"Heroes on Tour"
"Primo Victoria - Live, at Wacken, 2015",2016-03-04,410813,0,19,14,0.419,0.901,4,-8.512,0,0.159,0.000608,0.239,137.579,"Heroes on Tour"
"Metal Crüe - Live, at Wacken, 2015",2016-03-04,407973,0,17,15,0.312,0.912,7,-7.699,1,0.0781,0.0000274,0.118,99.009,"Heroes on Tour"
"Night Witches",2015-04-10,181333,0,19,0,0.545,0.921,5,-4.83,0,0.059,0.00661,0.27,95.994,"Heroes (Deluxe Edition)"
"No Bullets Fly",2015-04-10,217520,0,17,1,0.458,0.925,4,-4.82,0,0.103,0.00015,0.344,76.995,"Heroes (Deluxe Edition)"
"Smoking Snakes",2015-04-10,194786,0,15,2,0.397,0.917,6,-4.12,1,0.119,0.00138,0.193,115.385,"Heroes (Deluxe Edition)"
"Inmate 4859",2015-04-10,266386,0,16,3,0.374,0.798,11,-4.475,0,0.0442,0.000517,0.509,164.128,"Heroes (Deluxe Edition)"
"To Hell and Back",2015-04-10,206546,0,18,4,0.536,0.848,0,-4.702,1,0.0615,0.00314,0.313,127.005,"Heroes (Deluxe Edition)"
"The Ballad of Bull",2015-04-10,233120,0,12,5,0.462,0.678,3,-5.411,1,0.0311,0.102,0.39,137.843,"Heroes (Deluxe Edition)"
"Resist and Bite",2015-04-10,207160,0,18,6,0.52,0.954,11,-4.973,0,0.086,0.00154,0.153,126.976,"Heroes (Deluxe Edition)"
"Soldier of 3 Armies",2015-04-10,218066,0,16,7,0.549,0.896,9,-4.839,0,0.06,0.00011,0.22,101.96,"Heroes (Deluxe Edition)"
"Far from the Fame",2015-04-10,227173,0,13,8,0.497,0.923,0,-4.771,1,0.0602,0.000057,0.186,135.014,"Heroes (Deluxe Edition)"
"Hearts of Iron",2015-04-10,268333,0,16,9,0.51,0.884,6,-4.639,0,0.0404,0.0224,0.606,89.976,"Heroes (Deluxe Edition)"
"Night Witches - Sabaton Cruise, 2014, 1st Set",2015-04-10,202786,0,9,10,0.469,0.994,10,-4.174,0,0.145,0.00475,0.08,95.981,"Heroes (Deluxe Edition)"
"To Hell and Back - Sabaton Cruise, 2014, 1st Set",2015-04-10,308893,0,9,11,0.311,0.933,0,-4.866,0,0.183,0.00999,0.278,127.103,"Heroes (Deluxe Edition)"
"Smoking Snakes - Sabaton Cruise, 2014, 1st Set",2015-04-10,206360,0,8,12,0.385,0.995,5,-3.892,0,0.151,0.000305,0.0812,77.113,"Heroes (Deluxe Edition)"
"Far from the Fame - Sabaton Cruise, 2014, 1st Set",2015-04-10,232786,0,8,13,0.466,0.988,2,-3.593,0,0.085,0.000158,0.272,134.963,"Heroes (Deluxe Edition)"
"Resist and Bite - Sabaton Cruise, 2014, 1st Set",2015-04-10,396186,0,8,14,0.312,0.964,9,-5.673,0,0.244,0.0377,0.0945,127.007,"Heroes (Deluxe Edition)"
"Soldier of 3 Armies - Sabaton Cruise, 2014, 1st Set",2015-04-10,226506,0,8,15,0.528,0.991,7,-3.773,0,0.113,0.000207,0.147,101.988,"Heroes (Deluxe Edition)"
"Carolus Rex - Sabaton Cruise, 2014, 1st Set",2015-04-10,491560,0,8,16,0.295,0.971,10,-5.58,0,0.285,0.0115,0.055,174.858,"Heroes (Deluxe Edition)"
"Gott Mit Uns - Sabaton Cruise, 2014, 1st Set",2015-04-10,207720,0,7,17,0.463,0.996,10,-3.831,0,0.119,0.000106,0.141,134.98,"Heroes (Deluxe Edition)"
"Karolinens Bön - Sabaton Cruise, 2014, 1st Set",2015-04-10,531573,0,7,18,0.345,0.938,2,-5.334,0,0.123,0.0234,0.195,88.022,"Heroes (Deluxe Edition)"
"1 6 4 8 - Sabaton Cruise, 2014, 1st Set",2015-04-10,351546,0,7,19,0.433,0.99,5,-4.794,0,0.212,0.00267,0.0585,114.163,"Heroes (Deluxe Edition)"
"Intro - Heroes - Track Commentary",2014-05-16,30000,0,27,0,0.722,0.205,5,-18.272,1,0.937,0.928,0.953,122.269,"Heroes (Track Commentary Version)"
"Night Witches - Track Commentary",2014-05-16,34000,0,11,1,0.477,0.282,5,-26.463,1,0.282,0.505,0.582,81.59,"Heroes (Track Commentary Version)"
"No Bullets Fly - Track Commentary",2014-05-16,44000,0,10,2,0.433,0.297,10,-23.943,0,0.211,0.797,0.743,171.467,"Heroes (Track Commentary Version)"
"Smoking Snakes - Track Commentary",2014-05-16,39000,0,10,3,0.459,0.232,8,-26.017,1,0.166,0.898,0.859,173.951,"Heroes (Track Commentary Version)"
"Inmate 4859 - Track Commentary",2014-05-16,50000,0,10,4,0.495,0.253,5,-26.637,1,0.155,0.676,0.782,84.695,"Heroes (Track Commentary Version)"
"To Hell and Back - Track Commentary",2014-05-16,50000,0,10,5,0.541,0.281,10,-26.366,0,0.296,0.752,0.694,86.596,"Heroes (Track Commentary Version)"
"The Ballad of Bull - Track Commentary",2014-05-16,34000,0,10,6,0.535,0.267,10,-26.786,0,0.11,0.684,0.534,84.195,"Heroes (Track Commentary Version)"
"Resist and Bite - Track Commentary",2014-05-16,50000,0,10,7,0.462,0.225,0,-26.541,1,0.238,0.794,0.7,91.734,"Heroes (Track Commentary Version)"
"Soldier of 3 Armies - Track Commentary",2014-05-16,39000,0,10,8,0.379,0.208,10,-26.535,0,0.171,0.826,0.887,171.502,"Heroes (Track Commentary Version)"
"Far from the Fame - Track Commentary",2014-05-16,34000,0,9,9,0.391,0.288,10,-27.737,0,0.153,0.614,0.501,93.797,"Heroes (Track Commentary Version)"
"Hearts of Iron - Track Commentary",2014-05-16,39000,0,9,10,0.52,0.229,1,-26.208,1,0.176,0.751,0.736,83.443,"Heroes (Track Commentary Version)"
"Outro - Heroes - Track Commentary",2014-05-16,16000,0,0,11,0.613,0.195,5,-22.298,1,0.963,0.943,0.694,181.285,"Heroes (Track Commentary Version)"
"Night Witches",2014-05-16,181333,0,63,0,0.546,0.92,5,-4.83,0,0.0592,0.00661,0.265,95.996,Heroes
"No Bullets Fly",2014-05-16,217520,0,52,1,0.458,0.925,4,-4.82,0,0.103,0.00015,0.344,76.994,Heroes
"Smoking Snakes",2014-05-16,194786,0,47,2,0.401,0.916,8,-4.12,0,0.117,0.00138,0.205,115.386,Heroes
"Inmate 4859",2014-05-16,266386,0,47,3,0.376,0.797,11,-4.476,0,0.0452,0.000522,0.516,164.114,Heroes
"To Hell and Back",2014-05-16,206546,0,66,4,0.536,0.849,0,-4.702,1,0.0616,0.00318,0.305,127.002,Heroes
"The Ballad of Bull",2014-05-16,233120,0,41,5,0.46,0.678,3,-5.411,1,0.0309,0.102,0.394,137.714,Heroes
"Resist and Bite",2014-05-16,207160,0,59,6,0.519,0.953,11,-4.974,0,0.0863,0.00156,0.152,126.972,Heroes
"Soldier of 3 Armies",2014-05-16,218066,0,50,7,0.549,0.896,7,-4.84,1,0.06,0.000113,0.221,101.966,Heroes
"Far from the Fame",2014-05-16,227173,0,43,8,0.499,0.922,0,-4.771,1,0.0569,0.0000552,0.19,135.01,Heroes
"Hearts of Iron",2014-05-16,268333,0,47,9,0.509,0.883,6,-4.64,0,0.0403,0.0218,0.59,89.965,Heroes
7734,2014-05-16,212759,0,49,10,0.427,0.949,7,-3.652,0,0.0713,0.0000561,0.389,168.001,Heroes
"Man of War",2014-05-16,227586,0,45,11,0.595,0.933,6,-4.851,0,0.0607,0.000213,0.163,116.037,Heroes
"For Whom the Bell Tolls - Metallica Cover",2014-05-16,322896,0,45,12,0.544,0.884,0,-5.146,1,0.0414,0.0000987,0.366,115.943,Heroes
"The March to War - Live, at Woodstock Festival",2013-09-20,96680,0,18,0,0.434,0.453,0,-12.581,1,0.032,0.00114,0.293,94.238,"Swedish Empire (Live)"
"Ghost Division - Live, at Woodstock Festival",2013-09-20,227520,0,23,1,0.443,0.933,9,-7.28,0,0.0631,0.0000524,0.284,92.992,"Swedish Empire (Live)"
"Uprising - Live, at Woodstock Festival",2013-09-20,337813,0,24,2,0.465,0.856,4,-8.073,0,0.0503,0.00104,0.235,89.961,"Swedish Empire (Live)"
"Gott Mit Uns - Live, at Woodstock Festival",2013-09-20,247026,0,21,3,0.461,0.926,10,-7.842,0,0.0935,0.000308,0.283,134.853,"Swedish Empire (Live)"
"Cliffs of Gallipoli - Live, at Woodstock Festival",2013-09-20,342160,0,20,4,0.398,0.828,0,-8.362,0,0.0392,0.000475,0.446,94.595,"Swedish Empire (Live)"
"The Lion from the North - Live, at Woodstock Festival",2013-09-20,376986,0,20,5,0.404,0.865,4,-8.864,0,0.101,0.000195,0.136,152.983,"Swedish Empire (Live)"
"The Price of a Mile - Live, at Woodstock Festival",2013-09-20,423400,0,20,6,0.408,0.755,5,-8.858,1,0.0678,0.00842,0.268,83.86,"Swedish Empire (Live)"
"Into the Fire - Live, at Woodstock Festival",2013-09-20,197133,0,18,7,0.466,0.939,10,-7.927,0,0.0694,0.0000158,0.573,134.967,"Swedish Empire (Live)"
"Carolus Rex - Live, at Woodstock Festival",2013-09-20,427440,0,20,8,0.411,0.886,10,-9.145,0,0.11,0.00601,0.131,88.029,"Swedish Empire (Live)"
"Midway - Live, at Woodstock Festival",2013-09-20,167000,0,20,9,0.48,0.945,9,-7.566,0,0.0436,0.000116,0.522,94.104,"Swedish Empire (Live)"
"White Death - Live, at Woodstock Festival",2013-09-20,283346,0,19,10,0.375,0.866,5,-8.147,0,0.0619,0.0000453,0.455,153.906,"Swedish Empire (Live)"
"Attero Dominatus - Live, at Woodstock Festival",2013-09-20,268760,0,20,11,0.402,0.87,10,-8.29,0,0.0645,0.0000583,0.197,86.002,"Swedish Empire (Live)"
"The Art of War - Live, at Woodstock Festival",2013-09-20,354240,0,18,12,0.439,0.798,2,-9.16,0,0.0523,0.00147,0.167,88.041,"Swedish Empire (Live)"
"Primo Victoria - Live, at Woodstock Festival",2013-09-20,319946,0,20,13,0.407,0.808,4,-8.777,0,0.0889,0.0037,0.448,137.965,"Swedish Empire (Live)"
"40:1 - Live, at Woodstock Festival",2013-09-20,325960,0,21,14,0.402,0.89,0,-8.462,1,0.0931,0.000331,0.248,136.331,"Swedish Empire (Live)"
"Metal Crüe - Live, at Woodstock Festival",2013-09-20,305600,0,19,15,0.35,0.911,0,-7.474,1,0.058,0.0000343,0.373,99.048,"Swedish Empire (Live)"
"Dominium Maris Baltici",2012-05-25,29400,0,7,0,0.445,0.0795,6,-20.132,0,0.0322,0.787,0.163,153.246,"Carolus Rex (Swedish)"
"Lejonet Från Norden",2012-05-25,282480,0,44,1,0.482,0.953,6,-4.46,0,0.0533,0.0000575,0.573,152.97,"Carolus Rex (Swedish)"
"Gott Mit Uns",2012-05-25,195640,0,42,2,0.447,0.943,10,-3.535,1,0.05,0.00284,0.468,135.003,"Carolus Rex (Swedish)"
"En Livstid I Krig",2012-05-25,344413,0,53,3,0.44,0.683,0,-5.813,0,0.0326,0.0161,0.164,136.118,"Carolus Rex (Swedish)"
"1 6 4 8",2012-05-25,235986,0,40,4,0.591,0.939,2,-5.128,1,0.0542,0.00127,0.351,113.998,"Carolus Rex (Swedish)"
"Karolinens Bön",2012-05-25,374066,0,42,5,0.498,0.774,2,-6.061,1,0.0283,0.0182,0.384,88.002,"Carolus Rex (Swedish)"
"Carolus Rex",2012-05-25,294306,0,49,6,0.434,0.834,10,-5.686,0,0.0524,0.000325,0.194,176.137,"Carolus Rex (Swedish)"
"Ett Slag Färgat Rött",2012-05-25,264493,0,40,7,0.453,0.913,2,-5.009,1,0.0492,0.000136,0.419,149.98,"Carolus Rex (Swedish)"
Poltava,2012-05-25,243293,0,39,8,0.474,0.934,1,-5.175,0,0.0598,0.0003,0.225,84.001,"Carolus Rex (Swedish)"
Livgardet,2012-05-25,275605,0,39,9,0.457,0.96,2,-4.234,0,0.0777,0.00855,0.224,137.85,"Carolus Rex (Swedish)"
"Konungens Likfärd",2012-05-25,249773,0,41,10,0.478,0.826,6,-5.163,0,0.0327,0.0125,0.584,135.028,"Carolus Rex (Swedish)"
"Ruina Imperii",2012-05-25,201133,0,43,11,0.457,0.722,4,-5.994,0,0.0306,0.0383,0.165,82.01,"Carolus Rex (Swedish)"
"Dominium Maris Baltici",2012-05-25,29386,0,5,0,0.437,0.0734,6,-19.63,0,0.0334,0.827,0.159,153.26,"Carolus Rex (English)"
"The Lion From The North",2012-05-25,282520,0,50,1,0.493,0.953,6,-4.574,0,0.0539,0.0000674,0.634,152.984,"Carolus Rex (English)"
"Gott Mit Uns - English Version",2012-05-25,195480,0,48,2,0.436,0.942,10,-3.447,1,0.0516,0.00128,0.444,134.98,"Carolus Rex (English)"
"A Lifetime Of War",2012-05-25,345413,0,44,3,0.407,0.708,0,-5.871,0,0.0387,0.0176,0.158,136.056,"Carolus Rex (English)"
"1 6 4 8 - English Version",2012-05-25,234973,0,41,4,0.591,0.927,2,-5.085,1,0.0609,0.000674,0.422,113.991,"Carolus Rex (English)"
"The Carolean's Prayer",2012-05-25,374413,0,42,5,0.493,0.793,4,-5.935,0,0.0292,0.0269,0.359,88.014,"Carolus Rex (English)"
"Carolus Rex - English Version",2012-05-25,293826,0,53,6,0.442,0.846,10,-5.545,0,0.0499,0.000594,0.241,176.138,"Carolus Rex (English)"
"Killing Ground",2012-05-25,264600,0,40,7,0.444,0.929,2,-5,1,0.0451,0.0000917,0.422,150.047,"Carolus Rex (English)"
"Poltava - English Version",2012-05-25,243826,0,41,8,0.472,0.93,2,-5.27,1,0.0719,0.000377,0.151,83.983,"Carolus Rex (English)"
"The Royal Guard",2012-05-25,277578,0,38,9,0.448,0.974,2,-4.433,0,0.0844,0.00454,0.156,138.032,"Carolus Rex (English)"
"Long Live The King",2012-05-25,249520,0,42,10,0.479,0.808,4,-5.184,1,0.0327,0.0156,0.525,135.073,"Carolus Rex (English)"
"Ruina Imperii",2012-05-25,201040,0,35,11,0.457,0.717,4,-5.965,0,0.0297,0.0386,0.155,82.015,"Carolus Rex (English)"
"In the Army Now",2012-05-25,238932,0,42,12,0.583,0.759,2,-6.718,0,0.0397,0.000459,0.0754,115.001,"Carolus Rex (English)"
"Twilight of the Thunder God",2012-05-25,239070,1,50,13,0.503,0.955,1,-5.523,1,0.046,0.0000121,0.334,95.553,"Carolus Rex (English)"
"Feuer Frei",2012-05-25,192000,0,36,14,0.473,0.99,1,-5.15,0,0.0834,0.000134,0.0715,95.003,"Carolus Rex (English)"
"Harley From Hell",2012-05-25,229973,1,30,15,0.312,0.972,0,-4.427,1,0.0767,0.000625,0.499,185.022,"Carolus Rex (English)"
"The March to War - Live at the Sabaton Cruise, Dec. 2010",2011-08-19,80306,0,17,0,0.375,0.386,0,-14.904,1,0.031,0.0476,0.0705,93.867,"World War Live - Battle of the Baltic Sea"
"Ghost Division - Live at the Sabaton Cruise, Dec. 2010",2011-08-19,233586,0,19,1,0.365,0.946,9,-5.219,0,0.0648,0.000344,0.283,91.087,"World War Live - Battle of the Baltic Sea"
"Uprising - Live at the Sabaton Cruise, Dec. 2010",2011-08-19,366413,0,19,2,0.259,0.79,4,-6.694,0,0.0588,0.0237,0.238,175.485,"World War Live - Battle of the Baltic Sea"
"Aces in Exile - Live at the Sabaton Cruise, Dec. 2010",2011-08-19,365693,0,19,3,0.278,0.875,7,-6.62,1,0.113,0.00401,0.156,76.694,"World War Live - Battle of the Baltic Sea"
"Cliffs of Gallipoli - Live at the Sabaton Cruise, Dec. 2010",2011-08-19,393946,0,18,4,0.333,0.725,8,-6.86,1,0.038,0.0158,0.285,93.181,"World War Live - Battle of the Baltic Sea"
"White Death - Live at the Sabaton Cruise, Dec. 2010",2011-08-19,332040,0,17,5,0.282,0.802,5,-6.322,0,0.076,0.00158,0.328,148.255,"World War Live - Battle of the Baltic Sea"
"Swedish Pagans - Live at the Sabaton Cruise, Dec. 2010",2011-08-19,377573,0,18,6,0.28,0.815,9,-7.262,0,0.107,0.0225,0.135,137.556,"World War Live - Battle of the Baltic Sea"
"Wolfpack - Live at the Sabaton Cruise, Dec. 2010",2011-08-19,347680,0,20,7,0.374,0.862,4,-6.324,0,0.071,0.0223,0.267,80.445,"World War Live - Battle of the Baltic Sea"
"40:1 - Live at the Sabaton Cruise, Dec. 2010",2011-08-19,341933,0,18,8,0.34,0.832,7,-6.434,1,0.103,0.0151,0.182,138.97,"World War Live - Battle of the Baltic Sea"
"The Art of War - Live at the Sabaton Cruise, Dec. 2010",2011-08-19,339226,0,16,9,0.314,0.694,0,-6.82,1,0.0468,0.00468,0.121,84.137,"World War Live - Battle of the Baltic Sea"
"Attero Dominatus - Live at the Sabaton Cruise, Dec. 2010",2011-08-19,289493,0,17,10,0.329,0.745,5,-6.694,0,0.0566,0.0022,0.183,85.083,"World War Live - Battle of the Baltic Sea"
"The Price of a Mile - Live at the Sabaton Cruise, Dec. 2010",2011-08-19,386280,0,17,11,0.366,0.691,5,-6.883,1,0.0831,0.0456,0.169,83.732,"World War Live - Battle of the Baltic Sea"
"Primo Victoria - Live at the Sabaton Cruise, Dec. 2010",2011-08-19,300893,0,17,12,0.406,0.767,2,-6.399,1,0.0484,0.0328,0.32,137.545,"World War Live - Battle of the Baltic Sea"
"Metal Medley - Live at the Sabaton Cruise, Dec. 2010",2011-08-19,309560,0,17,13,0.168,0.89,9,-4.878,0,0.0792,0.000109,0.423,165.596,"World War Live - Battle of the Baltic Sea"
"Dead Soldiers Waltz - Live at the Sabaton Cruise, Dec. 2010",2011-08-19,165986,0,15,14,0.304,0.369,7,-16.275,1,0.0293,0.0604,0.339,97.957,"World War Live - Battle of the Baltic Sea"
"Screaming Eagles - World War Tour 2010",2011-08-19,267066,0,17,15,0.231,0.927,0,-5.683,1,0.0871,0.000357,0.31,168.016,"World War Live - Battle of the Baltic Sea"
"Coat of Arms - World War Tour 2010",2011-08-19,196440,0,17,16,0.231,0.948,0,-5.942,1,0.109,0.000305,0.183,162.355,"World War Live - Battle of the Baltic Sea"
"Into the Fire - World War Tour 2010",2011-08-19,198146,0,14,17,0.294,0.959,5,-6.25,0,0.132,0.00036,0.201,132.31,"World War Live - Battle of the Baltic Sea"
"Talvisota - World War Tour 2010",2011-08-19,213986,0,17,18,0.402,0.922,2,-6.393,1,0.113,0.0000187,0.149,133.186,"World War Live - Battle of the Baltic Sea"
"The Final Solution - World War Tour 2010",2011-08-19,336400,0,19,19,0.334,0.772,7,-6.532,0,0.0435,0.00428,0.24,87.342,"World War Live - Battle of the Baltic Sea"
"Sun Tzu Says",2010-09-24,23906,0,2,0,0.384,0.483,0,-15.398,1,0.0727,0.00951,0.202,108.077,"The Art of War (Re-Armed)"
"Ghost Division",2010-09-24,231186,0,60,1,0.343,0.945,4,-3.259,1,0.0555,0.000101,0.539,176.135,"The Art of War (Re-Armed)"
"The Art of War",2010-09-24,308840,0,44,2,0.49,0.82,4,-5.195,1,0.0417,0.0118,0.374,84.099,"The Art of War (Re-Armed)"
40:1,2010-09-24,250813,0,51,3,0.462,0.941,6,-4.34,0,0.0868,0.0000697,0.539,130.119,"The Art of War (Re-Armed)"
Unbreakable,2010-09-24,358066,0,39,4,0.265,0.838,2,-5.151,0,0.0537,0.000759,0.298,107.174,"The Art of War (Re-Armed)"
"The Nature of Warfare",2010-09-24,78826,0,30,5,0.518,0.336,2,-14.264,1,0.0334,0.0393,0.0311,98.074,"The Art of War (Re-Armed)"
"Cliffs of Gallipoli",2010-09-24,351533,0,40,6,0.45,0.772,2,-5.633,0,0.033,0.025,0.44,91.887,"The Art of War (Re-Armed)"
Talvisota,2010-09-24,212333,0,41,7,0.494,0.936,9,-4.836,0,0.108,0.00000465,0.279,122.208,"The Art of War (Re-Armed)"
Panzerkampf,2010-09-24,315760,0,56,8,0.485,0.872,6,-4.741,0,0.0458,0.00518,0.527,98.087,"The Art of War (Re-Armed)"
"Union (Slopes of St.Benedict)",2010-09-24,245120,0,40,9,0.448,0.877,7,-5.688,0,0.0489,0.00386,0.236,130.151,"The Art of War (Re-Armed)"
"The Price of a Mile",2010-09-24,355493,0,51,10,0.48,0.766,7,-6.267,1,0.0408,0.0451,0.388,84.143,"The Art of War (Re-Armed)"
Firestorm,2010-09-24,205666,0,39,11,0.438,0.878,6,-6.495,0,0.087,0.0000613,0.541,144.273,"The Art of War (Re-Armed)"
"A Secret",2010-09-24,37480,0,27,12,0.502,0.334,0,-15.39,1,0.201,0.145,0.0767,122.973,"The Art of War (Re-Armed)"
"Swedish Pagans",2010-09-24,253226,0,53,13,0.257,0.979,7,-4.079,1,0.121,0.0883,0.17,135.067,"The Art of War (Re-Armed)"
"Glorious Land",2010-09-24,199240,0,35,14,0.483,0.925,9,-3.964,1,0.0621,0.000061,0.187,117.511,"The Art of War (Re-Armed)"
"Art of War - Pre Production Demos",2010-09-24,288480,0,26,15,0.456,0.727,6,-6.106,0,0.0371,0.0135,0.491,168.093,"The Art of War (Re-Armed)"
"Swedish National Anthem - Live, at Sweden Rock Festival",2010-09-24,154800,0,27,16,0.374,0.787,7,-6.172,1,0.0852,0.173,0.433,76.144,"The Art of War (Re-Armed)"
